[
{
    "model": "app.user",
    "pk": 1,
    "fields": {
        "password": "pbkdf2_sha256$720000$1obx2fnAyMZRsA762LFvKO$QxEoU6t/79O1FFUbyh4XHvUm1n+SKUDa6b4KK77JLzQ=",
        "last_login": "2024-04-22T19:57:52.336Z",
        "is_superuser": true,
        "first_name": "",
        "last_name": "",
        "is_staff": true,
        "is_active": true,
        "date_joined": "2024-04-20T13:29:22.595Z",
        "creation_date": "2024-04-20",
        "creation_timestamp": "2024-04-20T13:29:23.060Z",
        "edit_date": "2024-04-20",
        "edit_timestamp": "2024-04-20T13:29:23.060Z",
        "updated_by": null,
        "email": "su@mail.com",
        "image": "",
        "phone": null,
        "gender": null,
        "date_of_birth": null,
        "address": null,
        "groups": [],
        "user_permissions": []
    }
},
{
    "model": "app.user",
    "pk": 2,
    "fields": {
        "password": "pbkdf2_sha256$720000$1obx2fnAyMZRsA762LFvKO$QxEoU6t/79O1FFUbyh4XHvUm1n+SKUDa6b4KK77JLzQ=",
        "last_login": null,
        "is_superuser": false,
        "first_name": "Svetlana",
        "last_name": "Dorofeeva",
        "is_staff": false,
        "is_active": true,
        "date_joined": "2024-04-20T18:54:59.478Z",
        "creation_date": "2024-04-20",
        "creation_timestamp": "2024-04-20T18:54:59.486Z",
        "edit_date": "2024-04-21",
        "edit_timestamp": "2024-04-21T22:59:27.908Z",
        "updated_by": null,
        "email": "sveta@mail.com",
        "image": "",
        "phone": "+79990222648",
        "gender": null,
        "date_of_birth": null,
        "address": null,
        "groups": [],
        "user_permissions": []
    }
},
{
    "model": "app.user",
    "pk": 3,
    "fields": {
        "password": "pbkdf2_sha256$720000$1obx2fnAyMZRsA762LFvKO$QxEoU6t/79O1FFUbyh4XHvUm1n+SKUDa6b4KK77JLzQ=",
        "last_login": null,
        "is_superuser": false,
        "first_name": "Natalia",
        "last_name": "Natasha",
        "is_staff": false,
        "is_active": true,
        "date_joined": "2024-04-20T18:57:14.598Z",
        "creation_date": "2024-04-20",
        "creation_timestamp": "2024-04-20T18:57:14.630Z",
        "edit_date": "2024-04-20",
        "edit_timestamp": "2024-04-20T18:57:14.630Z",
        "updated_by": null,
        "email": "natty@mail.com",
        "image": "",
        "phone": "+79990222648",
        "gender": null,
        "date_of_birth": null,
        "address": null,
        "groups": [],
        "user_permissions": []
    }
},
{
    "model": "app.user",
    "pk": 4,
    "fields": {
        "password": "pbkdf2_sha256$720000$1obx2fnAyMZRsA762LFvKO$QxEoU6t/79O1FFUbyh4XHvUm1n+SKUDa6b4KK77JLzQ=",
        "last_login": null,
        "is_superuser": false,
        "first_name": "",
        "last_name": "",
        "is_staff": false,
        "is_active": true,
        "date_joined": "2024-04-22T14:06:04.756Z",
        "creation_date": "2024-04-22",
        "creation_timestamp": "2024-04-22T14:06:05.247Z",
        "edit_date": "2024-04-22",
        "edit_timestamp": "2024-04-22T14:06:05.247Z",
        "updated_by": null,
        "email": "arigun@gmail.com",
        "image": "",
        "phone": null,
        "gender": null,
        "date_of_birth": null,
        "address": "ag",
        "groups": [],
        "user_permissions": []
    }
},
{
    "model": "app.user",
    "pk": 5,
    "fields": {
        "password": "pbkdf2_sha256$720000$1obx2fnAyMZRsA762LFvKO$QxEoU6t/79O1FFUbyh4XHvUm1n+SKUDa6b4KK77JLzQ=",
        "last_login": "2024-04-22T16:18:32.099Z",
        "is_superuser": false,
        "first_name": "",
        "last_name": "",
        "is_staff": false,
        "is_active": true,
        "date_joined": "2024-04-22T16:18:31.141Z",
        "creation_date": "2024-04-22",
        "creation_timestamp": "2024-04-22T16:18:31.667Z",
        "edit_date": "2024-04-22",
        "edit_timestamp": "2024-04-22T16:18:31.667Z",
        "updated_by": null,
        "email": "ghaith@m.com",
        "image": "",
        "phone": null,
        "gender": null,
        "date_of_birth": null,
        "address": "hello world",
        "groups": [],
        "user_permissions": []
    }
},
{
    "model": "app.user",
    "pk": 6,
    "fields": {
        "password": "pbkdf2_sha256$720000$1obx2fnAyMZRsA762LFvKO$QxEoU6t/79O1FFUbyh4XHvUm1n+SKUDa6b4KK77JLzQ=",
        "last_login": "2024-04-22T16:22:15.710Z",
        "is_superuser": false,
        "first_name": "",
        "last_name": "",
        "is_staff": false,
        "is_active": true,
        "date_joined": "2024-04-22T16:21:20.188Z",
        "creation_date": "2024-04-22",
        "creation_timestamp": "2024-04-22T16:21:20.657Z",
        "edit_date": "2024-04-22",
        "edit_timestamp": "2024-04-22T16:21:20.657Z",
        "updated_by": null,
        "email": "daniel@mail.com",
        "image": "",
        "phone": null,
        "gender": null,
        "date_of_birth": null,
        "address": "hekko",
        "groups": [],
        "user_permissions": []
    }
},
{
    "model": "app.user",
    "pk": 7,
    "fields": {
        "password": "pbkdf2_sha256$720000$1obx2fnAyMZRsA762LFvKO$QxEoU6t/79O1FFUbyh4XHvUm1n+SKUDa6b4KK77JLzQ=",
        "last_login": "2024-04-22T19:59:00.428Z",
        "is_superuser": false,
        "first_name": "",
        "last_name": "",
        "is_staff": false,
        "is_active": true,
        "date_joined": "2024-04-22T19:58:59.475Z",
        "creation_date": "2024-04-22",
        "creation_timestamp": "2024-04-22T19:59:00.096Z",
        "edit_date": "2024-04-22",
        "edit_timestamp": "2024-04-22T19:59:00.096Z",
        "updated_by": null,
        "email": "sibu@mail.com",
        "image": "",
        "phone": null,
        "gender": null,
        "date_of_birth": null,
        "address": null,
        "groups": [],
        "user_permissions": []
    }
},
{
    "model": "app.user",
    "pk": 8,
    "fields": {
        "password": "pbkdf2_sha256$720000$1obx2fnAyMZRsA762LFvKO$QxEoU6t/79O1FFUbyh4XHvUm1n+SKUDa6b4KK77JLzQ=",
        "last_login": "2024-04-22T20:13:18.289Z",
        "is_superuser": false,
        "first_name": "",
        "last_name": "",
        "is_staff": false,
        "is_active": true,
        "date_joined": "2024-04-22T20:12:29.052Z",
        "creation_date": "2024-04-22",
        "creation_timestamp": "2024-04-22T20:12:29.583Z",
        "edit_date": "2024-04-22",
        "edit_timestamp": "2024-04-22T20:12:29.583Z",
        "updated_by": null,
        "email": "elisha@mail.com",
        "image": "",
        "phone": null,
        "gender": null,
        "date_of_birth": null,
        "address": null,
        "groups": [],
        "user_permissions": []
    }
},
{
    "model": "app.category",
    "pk": 1,
    "fields": {
        "creation_date": "2024-04-21",
        "creation_timestamp": "2024-04-21T18:33:12.000Z",
        "edit_date": "2024-04-21",
        "edit_timestamp": "2024-04-21T18:33:12.000Z",
        "updated_by": null,
        "name": "Brushes",
        "image": "dog_brushes.webp",
        "description": "Brush Your Dog"
    }
},
{
    "model": "app.category",
    "pk": 2,
    "fields": {
        "creation_date": "2024-04-21",
        "creation_timestamp": "2024-04-21T18:33:33.644Z",
        "edit_date": "2024-04-21",
        "edit_timestamp": "2024-04-21T18:33:33.644Z",
        "updated_by": null,
        "name": "Kennels",
        "image": "PetmateVariKennel-TaupeBlack_400x.webp",
        "description": "Kennels"
    }
},
{
    "model": "app.category",
    "pk": 3,
    "fields": {
        "creation_date": "2024-04-21",
        "creation_timestamp": "2024-04-21T18:34:03.889Z",
        "edit_date": "2024-04-21",
        "edit_timestamp": "2024-04-21T18:34:03.889Z",
        "updated_by": null,
        "name": "Colars",
        "image": "DSC_3929-Edit_42998100-265b-4e09-95d5-2223aba600eb_400x.webp",
        "description": "Pet collars"
    }
},
{
    "model": "app.product",
    "pk": 1,
    "fields": {
        "creation_date": "2024-04-21",
        "creation_timestamp": "2024-04-21T18:42:31.152Z",
        "edit_date": "2024-04-21",
        "edit_timestamp": "2024-04-21T18:42:31.152Z",
        "updated_by": null,
        "name": "Portable Kennel",
        "category": 2,
        "image": "carreerkennel.webp",
        "design_image": "",
        "image_1": "",
        "image_2": "",
        "image_3": "",
        "description": "Portable Kennel",
        "price": "10.00",
        "stock_qty": 1000,
        "similar": []
    }
},
{
    "model": "app.product",
    "pk": 2,
    "fields": {
        "creation_date": "2024-04-21",
        "creation_timestamp": "2024-04-21T18:43:05.471Z",
        "edit_date": "2024-04-21",
        "edit_timestamp": "2024-04-21T18:43:05.471Z",
        "updated_by": null,
        "name": "Steel Kennel",
        "category": 2,
        "image": "steelkennel.webp",
        "design_image": "",
        "image_1": "",
        "image_2": "",
        "image_3": "",
        "description": "Steel Kennel",
        "price": "128.00",
        "stock_qty": 10,
        "similar": []
    }
},
{
    "model": "app.product",
    "pk": 3,
    "fields": {
        "creation_date": "2024-04-21",
        "creation_timestamp": "2024-04-21T18:43:34.118Z",
        "edit_date": "2024-04-21",
        "edit_timestamp": "2024-04-21T18:43:34.118Z",
        "updated_by": null,
        "name": "Mini Kennel",
        "category": 2,
        "image": "minikennel.webp",
        "design_image": "",
        "image_1": "",
        "image_2": "",
        "image_3": "",
        "description": "Mini Kennel",
        "price": "75.00",
        "stock_qty": 80,
        "similar": []
    }
},
{
    "model": "app.product",
    "pk": 4,
    "fields": {
        "creation_date": "2024-04-21",
        "creation_timestamp": "2024-04-21T18:44:05.608Z",
        "edit_date": "2024-04-21",
        "edit_timestamp": "2024-04-21T18:44:05.608Z",
        "updated_by": null,
        "name": "Dotted Collar",
        "category": 3,
        "image": "dottedcollar.webp",
        "design_image": "",
        "image_1": "",
        "image_2": "",
        "image_3": "",
        "description": "Dotted Collar",
        "price": "20.00",
        "stock_qty": 200,
        "similar": []
    }
},
{
    "model": "app.product",
    "pk": 5,
    "fields": {
        "creation_date": "2024-04-21",
        "creation_timestamp": "2024-04-21T18:44:46.382Z",
        "edit_date": "2024-04-21",
        "edit_timestamp": "2024-04-21T18:44:46.382Z",
        "updated_by": null,
        "name": "Dog Scrabber",
        "category": 1,
        "image": "dog_brushes_CYsZEdS.webp",
        "design_image": "",
        "image_1": "",
        "image_2": "",
        "image_3": "",
        "description": "Dog Scrabber",
        "price": "10.00",
        "stock_qty": 0,
        "similar": []
    }
},
{
    "model": "app.invoice",
    "pk": 4,
    "fields": {
        "creation_date": "2024-04-21",
        "creation_timestamp": "2024-04-21T22:48:37.061Z",
        "edit_date": "2024-04-21",
        "edit_timestamp": "2024-04-21T22:58:06.589Z",
        "updated_by": null,
        "customer": 1,
        "session_id": null,
        "checked_out": false,
        "items_count": 4,
        "total": "283.00",
        "amount_paid": "0.00",
        "checkout_email": "su@mail.com",
        "checkout_password": null,
        "checkout_address": ""
    }
},
{
    "model": "app.invoice",
    "pk": 5,
    "fields": {
        "creation_date": "2024-04-21",
        "creation_timestamp": "2024-04-21T22:57:49.083Z",
        "edit_date": "2024-04-21",
        "edit_timestamp": "2024-04-21T22:57:49.083Z",
        "updated_by": null,
        "customer": 2,
        "session_id": null,
        "checked_out": false,
        "items_count": 0,
        "total": "0.00",
        "amount_paid": "0.00",
        "checkout_email": "sveta@mail.com",
        "checkout_password": null,
        "checkout_address": null
    }
},
{
    "model": "app.invoice",
    "pk": 6,
    "fields": {
        "creation_date": "2024-04-22",
        "creation_timestamp": "2024-04-22T12:43:53.599Z",
        "edit_date": "2024-04-22",
        "edit_timestamp": "2024-04-22T16:06:56.079Z",
        "updated_by": null,
        "customer": 4,
        "session_id": "7VPzhYDh-1713789833.592956",
        "checked_out": true,
        "items_count": 1,
        "total": "20.00",
        "amount_paid": "0.00",
        "checkout_email": "arigun@gmail.com",
        "checkout_password": null,
        "checkout_address": "ag"
    }
},
{
    "model": "app.invoice",
    "pk": 7,
    "fields": {
        "creation_date": "2024-04-22",
        "creation_timestamp": "2024-04-22T14:06:05.309Z",
        "edit_date": "2024-04-22",
        "edit_timestamp": "2024-04-22T14:06:05.309Z",
        "updated_by": null,
        "customer": 4,
        "session_id": null,
        "checked_out": false,
        "items_count": 0,
        "total": "0.00",
        "amount_paid": "0.00",
        "checkout_email": "arigun@gmail.com",
        "checkout_password": null,
        "checkout_address": "ag"
    }
},
{
    "model": "app.invoice",
    "pk": 8,
    "fields": {
        "creation_date": "2024-04-22",
        "creation_timestamp": "2024-04-22T16:10:36.744Z",
        "edit_date": "2024-04-22",
        "edit_timestamp": "2024-04-22T16:11:30.139Z",
        "updated_by": null,
        "customer": null,
        "session_id": "z4U9JK9t-1713802236.737331",
        "checked_out": true,
        "items_count": 3,
        "total": "448.00",
        "amount_paid": "0.00",
        "checkout_email": "arigun@gmail.com",
        "checkout_password": "",
        "checkout_address": "a g"
    }
},
{
    "model": "app.invoice",
    "pk": 9,
    "fields": {
        "creation_date": "2024-04-22",
        "creation_timestamp": "2024-04-22T16:18:03.253Z",
        "edit_date": "2024-04-22",
        "edit_timestamp": "2024-04-22T16:18:31.855Z",
        "updated_by": null,
        "customer": 5,
        "session_id": "DeEwzaV4-1713802683.249987",
        "checked_out": true,
        "items_count": 3,
        "total": "233.00",
        "amount_paid": "0.00",
        "checkout_email": "ghaith@m.com",
        "checkout_password": null,
        "checkout_address": "hello world"
    }
},
{
    "model": "app.invoice",
    "pk": 10,
    "fields": {
        "creation_date": "2024-04-22",
        "creation_timestamp": "2024-04-22T16:18:31.747Z",
        "edit_date": "2024-04-22",
        "edit_timestamp": "2024-04-22T16:18:31.747Z",
        "updated_by": null,
        "customer": 5,
        "session_id": null,
        "checked_out": false,
        "items_count": 0,
        "total": "0.00",
        "amount_paid": "0.00",
        "checkout_email": "ghaith@m.com",
        "checkout_password": null,
        "checkout_address": "hello world"
    }
},
{
    "model": "app.invoice",
    "pk": 11,
    "fields": {
        "creation_date": "2024-04-22",
        "creation_timestamp": "2024-04-22T16:20:36.256Z",
        "edit_date": "2024-04-22",
        "edit_timestamp": "2024-04-22T16:21:20.873Z",
        "updated_by": null,
        "customer": 6,
        "session_id": "LnpTEpVN-1713802836.238935",
        "checked_out": true,
        "items_count": 3,
        "total": "263.00",
        "amount_paid": "0.00",
        "checkout_email": "daniel@mail.com",
        "checkout_password": null,
        "checkout_address": "hekko"
    }
},
{
    "model": "app.invoice",
    "pk": 12,
    "fields": {
        "creation_date": "2024-04-22",
        "creation_timestamp": "2024-04-22T16:21:20.750Z",
        "edit_date": "2024-04-22",
        "edit_timestamp": "2024-04-22T16:21:20.751Z",
        "updated_by": null,
        "customer": 6,
        "session_id": null,
        "checked_out": false,
        "items_count": 0,
        "total": "0.00",
        "amount_paid": "0.00",
        "checkout_email": "daniel@mail.com",
        "checkout_password": null,
        "checkout_address": "hekko"
    }
},
{
    "model": "app.invoice",
    "pk": 13,
    "fields": {
        "creation_date": "2024-04-22",
        "creation_timestamp": "2024-04-22T16:25:12.175Z",
        "edit_date": "2024-04-22",
        "edit_timestamp": "2024-04-22T16:25:12.175Z",
        "updated_by": null,
        "customer": null,
        "session_id": "5EEr8NaX-1713803112.1715236",
        "checked_out": false,
        "items_count": 0,
        "total": "0.00",
        "amount_paid": "0.00",
        "checkout_email": null,
        "checkout_password": null,
        "checkout_address": null
    }
},
{
    "model": "app.invoice",
    "pk": 14,
    "fields": {
        "creation_date": "2024-04-22",
        "creation_timestamp": "2024-04-22T19:59:00.195Z",
        "edit_date": "2024-04-22",
        "edit_timestamp": "2024-04-22T19:59:00.195Z",
        "updated_by": null,
        "customer": 7,
        "session_id": null,
        "checked_out": false,
        "items_count": 3,
        "total": "213.00",
        "amount_paid": "0.00",
        "checkout_email": "sibu@mail.com",
        "checkout_password": null,
        "checkout_address": null
    }
},
{
    "model": "app.invoice",
    "pk": 15,
    "fields": {
        "creation_date": "2024-04-22",
        "creation_timestamp": "2024-04-22T20:11:37.782Z",
        "edit_date": "2024-04-22",
        "edit_timestamp": "2024-04-22T20:11:37.782Z",
        "updated_by": null,
        "customer": 8,
        "session_id": "xGDstYyg-1713816697.7779276",
        "checked_out": false,
        "items_count": 1,
        "total": "80.00",
        "amount_paid": "0.00",
        "checkout_email": null,
        "checkout_password": null,
        "checkout_address": null
    }
},
{
    "model": "app.invoice",
    "pk": 16,
    "fields": {
        "creation_date": "2024-04-22",
        "creation_timestamp": "2024-04-22T20:12:29.659Z",
        "edit_date": "2024-04-22",
        "edit_timestamp": "2024-04-22T20:12:29.659Z",
        "updated_by": null,
        "customer": 8,
        "session_id": null,
        "checked_out": false,
        "items_count": 0,
        "total": "0.00",
        "amount_paid": "0.00",
        "checkout_email": "elisha@mail.com",
        "checkout_password": null,
        "checkout_address": null
    }
},
{
    "model": "app.invoice",
    "pk": 17,
    "fields": {
        "creation_date": "2024-04-22",
        "creation_timestamp": "2024-04-22T20:13:06.949Z",
        "edit_date": "2024-04-22",
        "edit_timestamp": "2024-04-22T20:13:06.949Z",
        "updated_by": null,
        "customer": null,
        "session_id": "Fu8j6GL3-1713816786.946665",
        "checked_out": false,
        "items_count": 1,
        "total": "0.00",
        "amount_paid": "0.00",
        "checkout_email": null,
        "checkout_password": null,
        "checkout_address": null
    }
},
{
    "model": "app.invoiceitem",
    "pk": 14,
    "fields": {
        "creation_date": "2024-04-22",
        "creation_timestamp": "2024-04-22T10:00:48.486Z",
        "edit_date": "2024-04-22",
        "edit_timestamp": "2024-04-22T12:39:02.507Z",
        "updated_by": null,
        "invoice": 4,
        "product": 3,
        "qty": 1,
        "unit_price": "75.00",
        "line_total": "75.00"
    }
},
{
    "model": "app.invoiceitem",
    "pk": 15,
    "fields": {
        "creation_date": "2024-04-22",
        "creation_timestamp": "2024-04-22T10:09:14.442Z",
        "edit_date": "2024-04-22",
        "edit_timestamp": "2024-04-22T10:09:14.443Z",
        "updated_by": null,
        "invoice": 4,
        "product": 2,
        "qty": 1,
        "unit_price": "128.00",
        "line_total": "128.00"
    }
},
{
    "model": "app.invoiceitem",
    "pk": 16,
    "fields": {
        "creation_date": "2024-04-22",
        "creation_timestamp": "2024-04-22T10:09:16.864Z",
        "edit_date": "2024-04-22",
        "edit_timestamp": "2024-04-22T11:03:26.569Z",
        "updated_by": null,
        "invoice": 4,
        "product": 1,
        "qty": 6,
        "unit_price": "10.00",
        "line_total": "60.00"
    }
},
{
    "model": "app.invoiceitem",
    "pk": 17,
    "fields": {
        "creation_date": "2024-04-22",
        "creation_timestamp": "2024-04-22T10:38:05.445Z",
        "edit_date": "2024-04-22",
        "edit_timestamp": "2024-04-22T12:15:14.718Z",
        "updated_by": null,
        "invoice": 4,
        "product": 4,
        "qty": 1,
        "unit_price": "20.00",
        "line_total": "20.00"
    }
},
{
    "model": "app.invoiceitem",
    "pk": 18,
    "fields": {
        "creation_date": "2024-04-22",
        "creation_timestamp": "2024-04-22T12:44:13.771Z",
        "edit_date": "2024-04-22",
        "edit_timestamp": "2024-04-22T13:20:05.708Z",
        "updated_by": null,
        "invoice": 6,
        "product": 1,
        "qty": 2,
        "unit_price": "10.00",
        "line_total": "20.00"
    }
},
{
    "model": "app.invoiceitem",
    "pk": 19,
    "fields": {
        "creation_date": "2024-04-22",
        "creation_timestamp": "2024-04-22T16:10:36.846Z",
        "edit_date": "2024-04-22",
        "edit_timestamp": "2024-04-22T16:11:08.299Z",
        "updated_by": null,
        "invoice": 8,
        "product": 3,
        "qty": 4,
        "unit_price": "75.00",
        "line_total": "300.00"
    }
},
{
    "model": "app.invoiceitem",
    "pk": 20,
    "fields": {
        "creation_date": "2024-04-22",
        "creation_timestamp": "2024-04-22T16:10:38.823Z",
        "edit_date": "2024-04-22",
        "edit_timestamp": "2024-04-22T16:10:38.823Z",
        "updated_by": null,
        "invoice": 8,
        "product": 2,
        "qty": 1,
        "unit_price": "128.00",
        "line_total": "128.00"
    }
},
{
    "model": "app.invoiceitem",
    "pk": 21,
    "fields": {
        "creation_date": "2024-04-22",
        "creation_timestamp": "2024-04-22T16:10:40.932Z",
        "edit_date": "2024-04-22",
        "edit_timestamp": "2024-04-22T16:10:57.848Z",
        "updated_by": null,
        "invoice": 8,
        "product": 4,
        "qty": 1,
        "unit_price": "20.00",
        "line_total": "20.00"
    }
},
{
    "model": "app.invoiceitem",
    "pk": 22,
    "fields": {
        "creation_date": "2024-04-22",
        "creation_timestamp": "2024-04-22T16:18:07.011Z",
        "edit_date": "2024-04-22",
        "edit_timestamp": "2024-04-22T16:18:15.178Z",
        "updated_by": null,
        "invoice": 9,
        "product": 1,
        "qty": 3,
        "unit_price": "10.00",
        "line_total": "30.00"
    }
},
{
    "model": "app.invoiceitem",
    "pk": 23,
    "fields": {
        "creation_date": "2024-04-22",
        "creation_timestamp": "2024-04-22T16:18:08.845Z",
        "edit_date": "2024-04-22",
        "edit_timestamp": "2024-04-22T16:18:08.845Z",
        "updated_by": null,
        "invoice": 9,
        "product": 2,
        "qty": 1,
        "unit_price": "128.00",
        "line_total": "128.00"
    }
},
{
    "model": "app.invoiceitem",
    "pk": 24,
    "fields": {
        "creation_date": "2024-04-22",
        "creation_timestamp": "2024-04-22T16:18:10.683Z",
        "edit_date": "2024-04-22",
        "edit_timestamp": "2024-04-22T16:18:10.683Z",
        "updated_by": null,
        "invoice": 9,
        "product": 3,
        "qty": 1,
        "unit_price": "75.00",
        "line_total": "75.00"
    }
},
{
    "model": "app.invoiceitem",
    "pk": 25,
    "fields": {
        "creation_date": "2024-04-22",
        "creation_timestamp": "2024-04-22T16:20:36.403Z",
        "edit_date": "2024-04-22",
        "edit_timestamp": "2024-04-22T16:20:52.661Z",
        "updated_by": null,
        "invoice": 11,
        "product": 4,
        "qty": 3,
        "unit_price": "20.00",
        "line_total": "60.00"
    }
},
{
    "model": "app.invoiceitem",
    "pk": 26,
    "fields": {
        "creation_date": "2024-04-22",
        "creation_timestamp": "2024-04-22T16:20:38.779Z",
        "edit_date": "2024-04-22",
        "edit_timestamp": "2024-04-22T16:20:38.779Z",
        "updated_by": null,
        "invoice": 11,
        "product": 3,
        "qty": 1,
        "unit_price": "75.00",
        "line_total": "75.00"
    }
},
{
    "model": "app.invoiceitem",
    "pk": 27,
    "fields": {
        "creation_date": "2024-04-22",
        "creation_timestamp": "2024-04-22T16:20:42.777Z",
        "edit_date": "2024-04-22",
        "edit_timestamp": "2024-04-22T16:20:42.777Z",
        "updated_by": null,
        "invoice": 11,
        "product": 2,
        "qty": 1,
        "unit_price": "128.00",
        "line_total": "128.00"
    }
},
{
    "model": "app.invoiceitem",
    "pk": 28,
    "fields": {
        "creation_date": "2024-04-22",
        "creation_timestamp": "2024-04-22T19:59:17.539Z",
        "edit_date": "2024-04-22",
        "edit_timestamp": "2024-04-22T19:59:17.539Z",
        "updated_by": null,
        "invoice": 14,
        "product": 3,
        "qty": 1,
        "unit_price": "75.00",
        "line_total": "75.00"
    }
},
{
    "model": "app.invoiceitem",
    "pk": 29,
    "fields": {
        "creation_date": "2024-04-22",
        "creation_timestamp": "2024-04-22T19:59:19.448Z",
        "edit_date": "2024-04-22",
        "edit_timestamp": "2024-04-22T19:59:19.448Z",
        "updated_by": null,
        "invoice": 14,
        "product": 2,
        "qty": 1,
        "unit_price": "128.00",
        "line_total": "128.00"
    }
},
{
    "model": "app.invoiceitem",
    "pk": 30,
    "fields": {
        "creation_date": "2024-04-22",
        "creation_timestamp": "2024-04-22T19:59:21.137Z",
        "edit_date": "2024-04-22",
        "edit_timestamp": "2024-04-22T19:59:21.137Z",
        "updated_by": null,
        "invoice": 14,
        "product": 1,
        "qty": 1,
        "unit_price": "10.00",
        "line_total": "10.00"
    }
},
{
    "model": "app.invoiceitem",
    "pk": 31,
    "fields": {
        "creation_date": "2024-04-22",
        "creation_timestamp": "2024-04-22T20:11:37.867Z",
        "edit_date": "2024-04-22",
        "edit_timestamp": "2024-04-22T20:11:51.492Z",
        "updated_by": null,
        "invoice": 15,
        "product": 4,
        "qty": 4,
        "unit_price": "20.00",
        "line_total": "80.00"
    }
},
{
    "model": "app.invoiceitem",
    "pk": 32,
    "fields": {
        "creation_date": "2024-04-22",
        "creation_timestamp": "2024-04-22T20:13:07.028Z",
        "edit_date": "2024-04-22",
        "edit_timestamp": "2024-04-22T20:13:07.028Z",
        "updated_by": null,
        "invoice": 17,
        "product": 3,
        "qty": 1,
        "unit_price": "75.00",
        "line_total": "75.00"
    }
},
{
    "model": "app.payment",
    "pk": 1,
    "fields": {
        "creation_date": "2024-04-22",
        "creation_timestamp": "2024-04-22T14:58:39.187Z",
        "edit_date": "2024-04-22",
        "edit_timestamp": "2024-04-22T14:58:39.188Z",
        "updated_by": null,
        "amount": "2000.00",
        "invoice": 6,
        "method": "stripe",
        "status": "Pending",
        "gateway_id": "cs_test_a1W4e8Xh2RcOtO4hldlEw1rAUYQ8PVs7yYjGcca1LNxQs13UmDHIlM4Cjo",
        "gateway_url": "https://checkout.stripe.com/c/pay/cs_test_a1W4e8Xh2RcOtO4hldlEw1rAUYQ8PVs7yYjGcca1LNxQs13UmDHIlM4Cjo#fidkdWxOYHwnPyd1blpxYHZxWjA0T2FIV19AXXZGTDJrYDZ3aUBOQ29JU3I9fzVyRE9yNnNOVTNtcks9bnZiMG5hUl9jQ0BxRmhwT3NnY2xpZklyQkNVZF1sYmBfSjZyV0BMXU8zf3NtVWk9NTVWYkFUZ19caCcpJ2N3amhWYHdzYHcnP3F3cGApJ2lkfGpwcVF8dWAnPyd2bGtiaWBabHFgaCcpJ2BrZGdpYFVpZGZgbWppYWB3dic%2FcXdwYHgl"
    }
},
{
    "model": "app.payment",
    "pk": 2,
    "fields": {
        "creation_date": "2024-04-22",
        "creation_timestamp": "2024-04-22T15:10:19.692Z",
        "edit_date": "2024-04-22",
        "edit_timestamp": "2024-04-22T15:10:19.692Z",
        "updated_by": null,
        "amount": "2000.00",
        "invoice": 6,
        "method": "stripe",
        "status": "Pending",
        "gateway_id": "cs_test_a1xt6FWLWAllKNhtzbNSzPsBvuUYk3y1AvHMYhoQGPJzmD9JbtLecGYKtN",
        "gateway_url": "https://checkout.stripe.com/c/pay/cs_test_a1xt6FWLWAllKNhtzbNSzPsBvuUYk3y1AvHMYhoQGPJzmD9JbtLecGYKtN#fidkdWxOYHwnPyd1blpxYHZxWjA0T2FIV19AXXZGTDJrYDZ3aUBOQ29JU3I9fzVyRE9yNnNOVTNtcks9bnZiMG5hUl9jQ0BxRmhwT3NnY2xpZklyQkNVZF1sYmBfSjZyV0BMXU8zf3NtVWk9NTVWYkFUZ19caCcpJ2N3amhWYHdzYHcnP3F3cGApJ2lkfGpwcVF8dWAnPyd2bGtiaWBabHFgaCcpJ2BrZGdpYFVpZGZgbWppYWB3dic%2FcXdwYHgl"
    }
},
{
    "model": "app.payment",
    "pk": 3,
    "fields": {
        "creation_date": "2024-04-22",
        "creation_timestamp": "2024-04-22T15:18:42.159Z",
        "edit_date": "2024-04-22",
        "edit_timestamp": "2024-04-22T15:18:42.159Z",
        "updated_by": null,
        "amount": "2000.00",
        "invoice": 6,
        "method": "stripe",
        "status": "Pending",
        "gateway_id": "cs_test_a1QAtkgykSWPdISrVlWhcuP2ouyt3NEHXpmbGNLGrInfel39yTDqy6Kmcj",
        "gateway_url": "https://checkout.stripe.com/c/pay/cs_test_a1QAtkgykSWPdISrVlWhcuP2ouyt3NEHXpmbGNLGrInfel39yTDqy6Kmcj#fidkdWxOYHwnPyd1blpxYHZxWjA0T2FIV19AXXZGTDJrYDZ3aUBOQ29JU3I9fzVyRE9yNnNOVTNtcks9bnZiMG5hUl9jQ0BxRmhwT3NnY2xpZklyQkNVZF1sYmBfSjZyV0BMXU8zf3NtVWk9NTVWYkFUZ19caCcpJ2N3amhWYHdzYHcnP3F3cGApJ2lkfGpwcVF8dWAnPyd2bGtiaWBabHFgaCcpJ2BrZGdpYFVpZGZgbWppYWB3dic%2FcXdwYHgl"
    }
},
{
    "model": "app.payment",
    "pk": 4,
    "fields": {
        "creation_date": "2024-04-22",
        "creation_timestamp": "2024-04-22T15:19:25.681Z",
        "edit_date": "2024-04-22",
        "edit_timestamp": "2024-04-22T15:19:25.681Z",
        "updated_by": null,
        "amount": "2000.00",
        "invoice": 6,
        "method": "stripe",
        "status": "Pending",
        "gateway_id": "cs_test_a1xylsWfFRXh2iqm2APN9ww1KHhkwwktjmPuJox25sUw7Lapku83rsBQHC",
        "gateway_url": "https://checkout.stripe.com/c/pay/cs_test_a1xylsWfFRXh2iqm2APN9ww1KHhkwwktjmPuJox25sUw7Lapku83rsBQHC#fidkdWxOYHwnPyd1blpxYHZxWjA0T2FIV19AXXZGTDJrYDZ3aUBOQ29JU3I9fzVyRE9yNnNOVTNtcks9bnZiMG5hUl9jQ0BxRmhwT3NnY2xpZklyQkNVZF1sYmBfSjZyV0BMXU8zf3NtVWk9NTVWYkFUZ19caCcpJ2N3amhWYHdzYHcnP3F3cGApJ2lkfGpwcVF8dWAnPyd2bGtiaWBabHFgaCcpJ2BrZGdpYFVpZGZgbWppYWB3dic%2FcXdwYHgl"
    }
},
{
    "model": "app.payment",
    "pk": 5,
    "fields": {
        "creation_date": "2024-04-22",
        "creation_timestamp": "2024-04-22T15:20:11.451Z",
        "edit_date": "2024-04-22",
        "edit_timestamp": "2024-04-22T15:20:11.451Z",
        "updated_by": null,
        "amount": "2000.00",
        "invoice": 6,
        "method": "stripe",
        "status": "Pending",
        "gateway_id": "cs_test_a1NVc6l7wKdGxlvSXxsfSgBR5TPzcwVeEoDznZ6vKsa5S4g4sKLzLfMNHt",
        "gateway_url": "https://checkout.stripe.com/c/pay/cs_test_a1NVc6l7wKdGxlvSXxsfSgBR5TPzcwVeEoDznZ6vKsa5S4g4sKLzLfMNHt#fidkdWxOYHwnPyd1blpxYHZxWjA0T2FIV19AXXZGTDJrYDZ3aUBOQ29JU3I9fzVyRE9yNnNOVTNtcks9bnZiMG5hUl9jQ0BxRmhwT3NnY2xpZklyQkNVZF1sYmBfSjZyV0BMXU8zf3NtVWk9NTVWYkFUZ19caCcpJ2N3amhWYHdzYHcnP3F3cGApJ2lkfGpwcVF8dWAnPyd2bGtiaWBabHFgaCcpJ2BrZGdpYFVpZGZgbWppYWB3dic%2FcXdwYHgl"
    }
},
{
    "model": "app.payment",
    "pk": 6,
    "fields": {
        "creation_date": "2024-04-22",
        "creation_timestamp": "2024-04-22T15:22:31.019Z",
        "edit_date": "2024-04-22",
        "edit_timestamp": "2024-04-22T15:22:31.019Z",
        "updated_by": null,
        "amount": "2000.00",
        "invoice": 6,
        "method": "stripe",
        "status": "Pending",
        "gateway_id": "cs_test_a1Z9EwvdpZdJkLDO6JGTGX6VaV2PymEYiHXZLZ8liWQxuupETQyTrcmtdE",
        "gateway_url": "https://checkout.stripe.com/c/pay/cs_test_a1Z9EwvdpZdJkLDO6JGTGX6VaV2PymEYiHXZLZ8liWQxuupETQyTrcmtdE#fidkdWxOYHwnPyd1blpxYHZxWjA0T2FIV19AXXZGTDJrYDZ3aUBOQ29JU3I9fzVyRE9yNnNOVTNtcks9bnZiMG5hUl9jQ0BxRmhwT3NnY2xpZklyQkNVZF1sYmBfSjZyV0BMXU8zf3NtVWk9NTVWYkFUZ19caCcpJ2N3amhWYHdzYHcnP3F3cGApJ2lkfGpwcVF8dWAnPyd2bGtiaWBabHFgaCcpJ2BrZGdpYFVpZGZgbWppYWB3dic%2FcXdwYHgl"
    }
},
{
    "model": "app.payment",
    "pk": 7,
    "fields": {
        "creation_date": "2024-04-22",
        "creation_timestamp": "2024-04-22T15:23:00.200Z",
        "edit_date": "2024-04-22",
        "edit_timestamp": "2024-04-22T15:23:00.200Z",
        "updated_by": null,
        "amount": "2000.00",
        "invoice": 6,
        "method": "stripe",
        "status": "Pending",
        "gateway_id": "cs_test_a1smxCuvyZGQKqWVcFEIBZfay4zJlHPAmTJw3ScWp63TmYyiArrgRf8zbL",
        "gateway_url": "https://checkout.stripe.com/c/pay/cs_test_a1smxCuvyZGQKqWVcFEIBZfay4zJlHPAmTJw3ScWp63TmYyiArrgRf8zbL#fidkdWxOYHwnPyd1blpxYHZxWjA0T2FIV19AXXZGTDJrYDZ3aUBOQ29JU3I9fzVyRE9yNnNOVTNtcks9bnZiMG5hUl9jQ0BxRmhwT3NnY2xpZklyQkNVZF1sYmBfSjZyV0BMXU8zf3NtVWk9NTVWYkFUZ19caCcpJ2N3amhWYHdzYHcnP3F3cGApJ2lkfGpwcVF8dWAnPyd2bGtiaWBabHFgaCcpJ2BrZGdpYFVpZGZgbWppYWB3dic%2FcXdwYHgl"
    }
},
{
    "model": "app.payment",
    "pk": 8,
    "fields": {
        "creation_date": "2024-04-22",
        "creation_timestamp": "2024-04-22T15:27:45.801Z",
        "edit_date": "2024-04-22",
        "edit_timestamp": "2024-04-22T15:27:45.801Z",
        "updated_by": null,
        "amount": "2000.00",
        "invoice": 6,
        "method": "stripe",
        "status": "Pending",
        "gateway_id": "cs_test_a1Rqwnu6WjOhrcfWhVVKt7kZaOsUyOg9ponHq41oSLijHIBwMtB5VvHDQW",
        "gateway_url": "https://checkout.stripe.com/c/pay/cs_test_a1Rqwnu6WjOhrcfWhVVKt7kZaOsUyOg9ponHq41oSLijHIBwMtB5VvHDQW#fidkdWxOYHwnPyd1blpxYHZxWjA0T2FIV19AXXZGTDJrYDZ3aUBOQ29JU3I9fzVyRE9yNnNOVTNtcks9bnZiMG5hUl9jQ0BxRmhwT3NnY2xpZklyQkNVZF1sYmBfSjZyV0BMXU8zf3NtVWk9NTVWYkFUZ19caCcpJ2N3amhWYHdzYHcnP3F3cGApJ2lkfGpwcVF8dWAnPyd2bGtiaWBabHFgaCcpJ2BrZGdpYFVpZGZgbWppYWB3dic%2FcXdwYHgl"
    }
},
{
    "model": "app.payment",
    "pk": 9,
    "fields": {
        "creation_date": "2024-04-22",
        "creation_timestamp": "2024-04-22T15:28:34.342Z",
        "edit_date": "2024-04-22",
        "edit_timestamp": "2024-04-22T15:28:34.343Z",
        "updated_by": null,
        "amount": "2000.00",
        "invoice": 6,
        "method": "stripe",
        "status": "Pending",
        "gateway_id": "cs_test_a1IJEISBxlgMyhj311dsvhIrTH9A6Ogy7KNYPffN1rnqmKBLfyK0USP5u9",
        "gateway_url": "https://checkout.stripe.com/c/pay/cs_test_a1IJEISBxlgMyhj311dsvhIrTH9A6Ogy7KNYPffN1rnqmKBLfyK0USP5u9#fidkdWxOYHwnPyd1blpxYHZxWjA0T2FIV19AXXZGTDJrYDZ3aUBOQ29JU3I9fzVyRE9yNnNOVTNtcks9bnZiMG5hUl9jQ0BxRmhwT3NnY2xpZklyQkNVZF1sYmBfSjZyV0BMXU8zf3NtVWk9NTVWYkFUZ19caCcpJ2N3amhWYHdzYHcnP3F3cGApJ2lkfGpwcVF8dWAnPyd2bGtiaWBabHFgaCcpJ2BrZGdpYFVpZGZgbWppYWB3dic%2FcXdwYHgl"
    }
},
{
    "model": "app.payment",
    "pk": 10,
    "fields": {
        "creation_date": "2024-04-22",
        "creation_timestamp": "2024-04-22T15:40:45.279Z",
        "edit_date": "2024-04-22",
        "edit_timestamp": "2024-04-22T15:40:45.279Z",
        "updated_by": null,
        "amount": "2000.00",
        "invoice": 6,
        "method": "stripe",
        "status": "Pending",
        "gateway_id": "cs_test_a1VBaKbEHDeQvmP8iytODxI95QqlKOejwBhdLxZxZtXKEmW5OIOzcqU0eI",
        "gateway_url": "https://checkout.stripe.com/c/pay/cs_test_a1VBaKbEHDeQvmP8iytODxI95QqlKOejwBhdLxZxZtXKEmW5OIOzcqU0eI#fidkdWxOYHwnPyd1blpxYHZxWjA0T2FIV19AXXZGTDJrYDZ3aUBOQ29JU3I9fzVyRE9yNnNOVTNtcks9bnZiMG5hUl9jQ0BxRmhwT3NnY2xpZklyQkNVZF1sYmBfSjZyV0BMXU8zf3NtVWk9NTVWYkFUZ19caCcpJ2N3amhWYHdzYHcnP3F3cGApJ2lkfGpwcVF8dWAnPyd2bGtiaWBabHFgaCcpJ2BrZGdpYFVpZGZgbWppYWB3dic%2FcXdwYHgl"
    }
},
{
    "model": "app.payment",
    "pk": 11,
    "fields": {
        "creation_date": "2024-04-22",
        "creation_timestamp": "2024-04-22T15:41:52.662Z",
        "edit_date": "2024-04-22",
        "edit_timestamp": "2024-04-22T15:41:52.663Z",
        "updated_by": null,
        "amount": "2000.00",
        "invoice": 6,
        "method": "stripe",
        "status": "Pending",
        "gateway_id": "cs_test_a16bcy5vegESxUU9rQcV5u12gGm5nAAR2DXBFxSHdD3uJfOUothOOfYZ0Q",
        "gateway_url": "https://checkout.stripe.com/c/pay/cs_test_a16bcy5vegESxUU9rQcV5u12gGm5nAAR2DXBFxSHdD3uJfOUothOOfYZ0Q#fidkdWxOYHwnPyd1blpxYHZxWjA0T2FIV19AXXZGTDJrYDZ3aUBOQ29JU3I9fzVyRE9yNnNOVTNtcks9bnZiMG5hUl9jQ0BxRmhwT3NnY2xpZklyQkNVZF1sYmBfSjZyV0BMXU8zf3NtVWk9NTVWYkFUZ19caCcpJ2N3amhWYHdzYHcnP3F3cGApJ2lkfGpwcVF8dWAnPyd2bGtiaWBabHFgaCcpJ2BrZGdpYFVpZGZgbWppYWB3dic%2FcXdwYHgl"
    }
},
{
    "model": "app.payment",
    "pk": 12,
    "fields": {
        "creation_date": "2024-04-22",
        "creation_timestamp": "2024-04-22T16:05:53.646Z",
        "edit_date": "2024-04-22",
        "edit_timestamp": "2024-04-22T16:05:53.646Z",
        "updated_by": null,
        "amount": "2000.00",
        "invoice": 6,
        "method": "stripe",
        "status": "Pending",
        "gateway_id": "cs_test_a1IX4sk9hhAcUsZpPyTmd1T9YLb8OBFr1b65FOslmJzUgMgLaVFesE0UzL",
        "gateway_url": "https://checkout.stripe.com/c/pay/cs_test_a1IX4sk9hhAcUsZpPyTmd1T9YLb8OBFr1b65FOslmJzUgMgLaVFesE0UzL#fidkdWxOYHwnPyd1blpxYHZxWjA0T2FIV19AXXZGTDJrYDZ3aUBOQ29JU3I9fzVyRE9yNnNOVTNtcks9bnZiMG5hUl9jQ0BxRmhwT3NnY2xpZklyQkNVZF1sYmBfSjZyV0BMXU8zf3NtVWk9NTVWYkFUZ19caCcpJ2N3amhWYHdzYHcnP3F3cGApJ2lkfGpwcVF8dWAnPyd2bGtiaWBabHFgaCcpJ2BrZGdpYFVpZGZgbWppYWB3dic%2FcXdwYHgl"
    }
},
{
    "model": "app.payment",
    "pk": 13,
    "fields": {
        "creation_date": "2024-04-22",
        "creation_timestamp": "2024-04-22T16:06:57.131Z",
        "edit_date": "2024-04-22",
        "edit_timestamp": "2024-04-22T16:06:57.131Z",
        "updated_by": null,
        "amount": "2000.00",
        "invoice": 6,
        "method": "stripe",
        "status": "Pending",
        "gateway_id": "cs_test_a1DHRAAY2kOxBafaM8B4G4UGMI3PrLJyB6ffe6biXwZ1odCPck2nuePlk5",
        "gateway_url": "https://checkout.stripe.com/c/pay/cs_test_a1DHRAAY2kOxBafaM8B4G4UGMI3PrLJyB6ffe6biXwZ1odCPck2nuePlk5#fidkdWxOYHwnPyd1blpxYHZxWjA0T2FIV19AXXZGTDJrYDZ3aUBOQ29JU3I9fzVyRE9yNnNOVTNtcks9bnZiMG5hUl9jQ0BxRmhwT3NnY2xpZklyQkNVZF1sYmBfSjZyV0BMXU8zf3NtVWk9NTVWYkFUZ19caCcpJ2N3amhWYHdzYHcnP3F3cGApJ2lkfGpwcVF8dWAnPyd2bGtiaWBabHFgaCcpJ2BrZGdpYFVpZGZgbWppYWB3dic%2FcXdwYHgl"
    }
},
{
    "model": "app.payment",
    "pk": 14,
    "fields": {
        "creation_date": "2024-04-22",
        "creation_timestamp": "2024-04-22T16:11:31.474Z",
        "edit_date": "2024-04-22",
        "edit_timestamp": "2024-04-22T16:11:31.474Z",
        "updated_by": null,
        "amount": "44800.00",
        "invoice": 8,
        "method": "stripe",
        "status": "Pending",
        "gateway_id": "cs_test_b1vRP2ydakR2oPSNCf78M15yXDn6A0nB0df704YDZnp4NiZJcSYcyj6kBR",
        "gateway_url": "https://checkout.stripe.com/c/pay/cs_test_b1vRP2ydakR2oPSNCf78M15yXDn6A0nB0df704YDZnp4NiZJcSYcyj6kBR#fidkdWxOYHwnPyd1blpxYHZxWjA0T2FIV19AXXZGTDJrYDZ3aUBOQ29JU3I9fzVyRE9yNnNOVTNtcks9bnZiMG5hUl9jQ0BxRmhwT3NnY2xpZklyQkNVZF1sYmBfSjZyV0BMXU8zf3NtVWk9NTVWYkFUZ19caCcpJ2N3amhWYHdzYHcnP3F3cGApJ2lkfGpwcVF8dWAnPydocGlxbFpscWBoJyknYGtkZ2lgVWlkZmBtamlhYHd2Jz9xd3BgeCUl"
    }
},
{
    "model": "app.payment",
    "pk": 15,
    "fields": {
        "creation_date": "2024-04-22",
        "creation_timestamp": "2024-04-22T16:18:38.858Z",
        "edit_date": "2024-04-22",
        "edit_timestamp": "2024-04-22T16:18:38.858Z",
        "updated_by": null,
        "amount": "23300.00",
        "invoice": 9,
        "method": "stripe",
        "status": "Pending",
        "gateway_id": "cs_test_b16ilccIkz1sS9FhOtaLDIQXVRdBQJmElHSu5Gz9uaq4o3Ft3DzXEHPW7z",
        "gateway_url": "https://checkout.stripe.com/c/pay/cs_test_b16ilccIkz1sS9FhOtaLDIQXVRdBQJmElHSu5Gz9uaq4o3Ft3DzXEHPW7z#fidkdWxOYHwnPyd1blpxYHZxWjA0T2FIV19AXXZGTDJrYDZ3aUBOQ29JU3I9fzVyRE9yNnNOVTNtcks9bnZiMG5hUl9jQ0BxRmhwT3NnY2xpZklyQkNVZF1sYmBfSjZyV0BMXU8zf3NtVWk9NTVWYkFUZ19caCcpJ2N3amhWYHdzYHcnP3F3cGApJ2lkfGpwcVF8dWAnPydocGlxbFpscWBoJyknYGtkZ2lgVWlkZmBtamlhYHd2Jz9xd3BgeCUl"
    }
},
{
    "model": "app.payment",
    "pk": 16,
    "fields": {
        "creation_date": "2024-04-22",
        "creation_timestamp": "2024-04-22T16:21:22.837Z",
        "edit_date": "2024-04-22",
        "edit_timestamp": "2024-04-22T16:21:22.837Z",
        "updated_by": null,
        "amount": "26300.00",
        "invoice": 11,
        "method": "stripe",
        "status": "Pending",
        "gateway_id": "cs_test_b1DHEJFJ7d6ms8fP40a4FwQn7Fi1TeVH0S7kidQvn8NGxWNbYrdhXYJx7M",
        "gateway_url": "https://checkout.stripe.com/c/pay/cs_test_b1DHEJFJ7d6ms8fP40a4FwQn7Fi1TeVH0S7kidQvn8NGxWNbYrdhXYJx7M#fidkdWxOYHwnPyd1blpxYHZxWjA0T2FIV19AXXZGTDJrYDZ3aUBOQ29JU3I9fzVyRE9yNnNOVTNtcks9bnZiMG5hUl9jQ0BxRmhwT3NnY2xpZklyQkNVZF1sYmBfSjZyV0BMXU8zf3NtVWk9NTVWYkFUZ19caCcpJ2N3amhWYHdzYHcnP3F3cGApJ2lkfGpwcVF8dWAnPydocGlxbFpscWBoJyknYGtkZ2lgVWlkZmBtamlhYHd2Jz9xd3BgeCUl"
    }
},
{
    "model": "app.settings",
    "pk": 1,
    "fields": {
        "creation_date": "2024-04-21",
        "creation_timestamp": "2024-04-21T18:50:12.898Z",
        "edit_date": "2024-04-22",
        "edit_timestamp": "2024-04-22T14:09:49.147Z",
        "updated_by": null,
        "currency": "eur",
        "featured_products": [
            2,
            3,
            4
        ]
    }
}
]
